{
  "__type__": "cc.SpriteFrame",
  "content": {
    "name": "GameExplain1",
    "atlas": "",
    "rect": {
      "x": 1,
      "y": 1,
      "width": 301,
      "height": 309
    },
    "offset": {
      "x": 0.5,
      "y": 0
    },
    "originalSize": {
      "width": 302,
      "height": 311
    },
    "rotated": false,
    "capInsets": [
      0,
      0,
      0,
      0
    ],
    "vertices": {
      "rawPosition": [
        -150.5,
        -154.5,
        0,
        150.5,
        -154.5,
        0,
        -150.5,
        154.5,
        0,
        150.5,
        154.5,
        0
      ],
      "indexes": [
        0,
        1,
        2,
        2,
        1,
        3
      ],
      "uv": [
        1,
        310,
        302,
        310,
        1,
        1,
        302,
        1
      ],
      "nuv": [
        0.0033112582781456954,
        0.003215434083601286,
        1,
        0.003215434083601286,
        0.0033112582781456954,
        0.9967845659163987,
        1,
        0.9967845659163987
      ],
      "minPos": {
        "x": -150.5,
        "y": -154.5,
        "z": 0
      },
      "maxPos": {
        "x": 150.5,
        "y": 154.5,
        "z": 0
      }
    },
    "texture": "4343dbf7-dfaa-4070-bd8d-841dbc658e6c@6c48a",
    "packable": true,
    "pixelsToUnit": 100,
    "pivot": {
      "x": 0.5,
      "y": 0.5
    },
    "meshType": 0
  }
}