{
  "__type__": "cc.SpriteFrame",
  "content": {
    "name": "list_bg",
    "atlas": "",
    "rect": {
      "x": 59,
      "y": 0,
      "width": 343,
      "height": 144
    },
    "offset": {
      "x": 29,
      "y": 4
    },
    "originalSize": {
      "width": 403,
      "height": 152
    },
    "rotated": false,
    "capInsets": [
      90,
      0,
      33,
      0
    ],
    "vertices": {
      "rawPosition": [
        -171.5,
        -72,
        0,
        171.5,
        -72,
        0,
        -171.5,
        72,
        0,
        171.5,
        72,
        0
      ],
      "indexes": [
        0,
        1,
        2,
        2,
        1,
        3
      ],
      "uv": [
        59,
        152,
        402,
        152,
        59,
        8,
        402,
        8
      ],
      "nuv": [
        0.14640198511166252,
        0.05263157894736842,
        0.9975186104218362,
        0.05263157894736842,
        0.14640198511166252,
        1,
        0.9975186104218362,
        1
      ],
      "minPos": {
        "x": -171.5,
        "y": -72,
        "z": 0
      },
      "maxPos": {
        "x": 171.5,
        "y": 72,
        "z": 0
      }
    },
    "texture": "acdef2de-d994-4c8a-a6fc-3157be6d2e78@6c48a",
    "packable": true,
    "pixelsToUnit": 100,
    "pivot": {
      "x": 0.5,
      "y": 0.5
    },
    "meshType": 0
  }
}