{
  "__type__": "cc.SpriteFrame",
  "content": {
    "name": "2100_Xiaoya0",
    "atlas": "",
    "rect": {
      "x": 201,
      "y": 210,
      "width": 639,
      "height": 688
    },
    "offset": {
      "x": 0,
      "y": -63.5
    },
    "originalSize": {
      "width": 1041,
      "height": 981
    },
    "rotated": false,
    "capInsets": [
      0,
      0,
      0,
      0
    ],
    "vertices": {
      "rawPosition": [
        -319.5,
        -344,
        0,
        319.5,
        -344,
        0,
        -319.5,
        344,
        0,
        319.5,
        344,
        0
      ],
      "indexes": [
        0,
        1,
        2,
        2,
        1,
        3
      ],
      "uv": [
        201,
        771,
        840,
        771,
        201,
        83,
        840,
        83
      ],
      "nuv": [
        0.1930835734870317,
        0.08460754332313965,
        0.8069164265129684,
        0.08460754332313965,
        0.1930835734870317,
        0.7859327217125383,
        0.8069164265129684,
        0.7859327217125383
      ],
      "minPos": {
        "x": -319.5,
        "y": -344,
        "z": 0
      },
      "maxPos": {
        "x": 319.5,
        "y": 344,
        "z": 0
      }
    },
    "texture": "b9cf26ce-e31a-4d72-bfd9-e114e1585e36@6c48a",
    "packable": true,
    "pixelsToUnit": 100,
    "pivot": {
      "x": 0.5,
      "y": 0.5
    },
    "meshType": 0
  }
}