{
  "__type__": "cc.SpriteFrame",
  "content": {
    "name": "Font_Jiya",
    "atlas": "",
    "rect": {
      "x": 6,
      "y": 4,
      "width": 551,
      "height": 500
    },
    "offset": {
      "x": 0,
      "y": 0
    },
    "originalSize": {
      "width": 563,
      "height": 508
    },
    "rotated": false,
    "capInsets": [
      0,
      0,
      0,
      0
    ],
    "vertices": {
      "rawPosition": [
        -275.5,
        -250,
        0,
        275.5,
        -250,
        0,
        -275.5,
        250,
        0,
        275.5,
        250,
        0
      ],
      "indexes": [
        0,
        1,
        2,
        2,
        1,
        3
      ],
      "uv": [
        6,
        504,
        557,
        504,
        6,
        4,
        557,
        4
      ],
      "nuv": [
        0.010657193605683837,
        0.007874015748031496,
        0.9893428063943162,
        0.007874015748031496,
        0.010657193605683837,
        0.9921259842519685,
        0.9893428063943162,
        0.9921259842519685
      ],
      "minPos": {
        "x": -275.5,
        "y": -250,
        "z": 0
      },
      "maxPos": {
        "x": 275.5,
        "y": 250,
        "z": 0
      }
    },
    "texture": "074d79fd-0a95-40f9-adc7-1add777dc752@6c48a",
    "packable": true,
    "pixelsToUnit": 100,
    "pivot": {
      "x": 0.5,
      "y": 0.5
    },
    "meshType": 0
  }
}